{"cameraMode":{"drawMode":0,"name":"Shaded","section":"Shading Mode"},"sceneLighting":false,"audioPlay":false,"sceneViewState":{"m_AlwaysRefresh":false,"showFog":true,"showSkybox":false,"showFlares":true,"showImageEffects":true,"showParticleSystems":true,"showVisualEffectGraphs":true,"m_FxEnabled":true},"in2DMode":false,"pivot":{"x":-0.03577084094285965,"y":-0.029766887426376344,"z":-0.05428896099328995},"rotation":{"x":-0.29119205474853518,"y":0.045034028589725497,"z":-0.013724738731980324,"w":-0.955508828163147},"size":0.14955325424671174,"orthographic":false}